ID,COUNTRY,DMONTH,DVALUE
8777,Albania,Jul2021,0.0
8778,Albania,Aug2021,0.0
8779,Albania,Sep2021,0.0
8780,Albania,Oct2021,0.0
8781,Albania,Nov2021,0.0
8782,Albania,Dec2021,0.0
8783,Albania,Jan2022,0.0
8784,Albania,Feb2022,0.0
8785,Albania,Mar2022,0.0
8786,Albania,Apr2022,0.0
8787,Albania,May2022,0.0
8788,Albania,Jun2022,0.0
8789,Albania,Jul2022,0.0
8790,Albania,Aug2022,0.0
8791,Albania,Sep2022,0.0
8792,Algeria,Jul2021,371.0
8793,Algeria,Aug2021,361.0
8794,Algeria,Sep2021,432.0
8795,Algeria,Oct2021,588.0
8796,Algeria,Nov2021,300.0
8797,Algeria,Dec2021,448.0
8798,Algeria,Jan2022,394.0
8799,Algeria,Feb2022,382.0
8800,Algeria,Mar2022,401.0
8801,Algeria,Apr2022,383.0
8802,Algeria,May2022,420.0
8803,Algeria,Jun2022,440.0
8804,Algeria,Jul2022,367.0
8805,Algeria,Aug2022,410.0
8806,Algeria,Sep2022,335.0
8807,Angola,Jul2021,1034.0
8808,Angola,Aug2021,847.0
8809,Angola,Sep2021,989.0
8810,Angola,Oct2021,857.0
8811,Angola,Nov2021,963.0
8812,Angola,Dec2021,1142.0
8813,Angola,Jan2022,663.0
8814,Angola,Feb2022,1119.0
8815,Angola,Mar2022,1078.0
8816,Angola,Apr2022,840.0
8817,Angola,May2022,964.0
8818,Angola,Jun2022,1055.0
8819,Angola,Jul2022,894.0
8820,Angola,Aug2022,977.0
8821,Angola,Sep2022,0.0
8822,Argentina,Jul2021,0.0
8823,Argentina,Aug2021,0.0
8824,Argentina,Sep2021,0.0
8825,Argentina,Oct2021,0.0
8826,Argentina,Nov2021,0.0
8827,Argentina,Dec2021,0.0
8828,Argentina,Jan2022,0.0
8829,Argentina,Feb2022,0.0
8830,Argentina,Mar2022,0.0
8831,Argentina,Apr2022,0.0
8832,Argentina,May2022,0.0
8833,Argentina,Jun2022,0.0
8834,Argentina,Jul2022,0.0
8835,Argentina,Aug2022,0.0
8836,Argentina,Sep2022,0.0
8837,Armenia,Jul2021,0.0
8838,Armenia,Aug2021,0.0
8839,Armenia,Sep2021,0.0
8840,Armenia,Oct2021,0.0
8841,Armenia,Nov2021,0.0
8842,Armenia,Dec2021,0.0
8843,Armenia,Jan2022,0.0
8844,Armenia,Feb2022,0.0
8845,Armenia,Mar2022,0.0
8846,Armenia,Apr2022,0.0
8847,Armenia,May2022,0.0
8848,Armenia,Jun2022,0.0
8849,Armenia,Jul2022,0.0
8850,Armenia,Aug2022,0.0
8851,Armenia,Sep2022,0.0
8852,Australia,Jul2021,194.9484
8853,Australia,Aug2021,339.4955
8854,Australia,Sep2021,318.384
8855,Australia,Oct2021,274.5919
8856,Australia,Nov2021,272.1987
8857,Australia,Dec2021,307.4003
8858,Australia,Jan2022,250.58
8859,Australia,Feb2022,220.8368
8860,Australia,Mar2022,187.3406
8861,Australia,Apr2022,255.002
8862,Australia,May2022,229.8965
8863,Australia,Jun2022,314.9447
8864,Australia,Jul2022,146.449
8865,Australia,Aug2022,273.4032
8866,Australia,Sep2022,275.8837
8867,Austria,Jul2021,0.0
8868,Austria,Aug2021,0.0
8869,Austria,Sep2021,0.0
8870,Austria,Oct2021,0.0
8871,Austria,Nov2021,0.0
8872,Austria,Dec2021,0.0
8873,Austria,Jan2022,0.0
8874,Austria,Feb2022,0.0
8875,Austria,Mar2022,0.0
8876,Austria,Apr2022,0.0
8877,Austria,May2022,0.0
8878,Austria,Jun2022,0.0
8879,Austria,Jul2022,0.0
8880,Austria,Aug2022,0.0
8881,Austria,Sep2022,0.0
8882,Azerbaijan,Jul2021,474.7706
8883,Azerbaijan,Aug2021,468.8271
8884,Azerbaijan,Sep2021,466.0297
8885,Azerbaijan,Oct2021,472.1555
8886,Azerbaijan,Nov2021,467.5037
8887,Azerbaijan,Dec2021,470.2535
8888,Azerbaijan,Jan2022,454.0871
8889,Azerbaijan,Feb2022,460.625
8890,Azerbaijan,Mar2022,439.8226
8891,Azerbaijan,Apr2022,482.2437
8892,Azerbaijan,May2022,482.1406
8893,Azerbaijan,Jun2022,401.4193
8894,Azerbaijan,Jul2022,434.3545
8895,Azerbaijan,Aug2022,425.7958
8896,Azerbaijan,Sep2022,0.0
8897,Bahrain,Jul2021,162.6155
8898,Bahrain,Aug2021,162.14
8899,Bahrain,Sep2021,151.085
8900,Bahrain,Oct2021,127.9052
8901,Bahrain,Nov2021,145.926
8902,Bahrain,Dec2021,145.0226
8903,Bahrain,Jan2022,130.9958
8904,Bahrain,Feb2022,142.1357
8905,Bahrain,Mar2022,160.7135
8906,Bahrain,Apr2022,149.3653
8907,Bahrain,May2022,130.2826
8908,Bahrain,Jun2022,166.0707
8909,Bahrain,Jul2022,164.7552
8910,Bahrain,Aug2022,163.091
8911,Bahrain,Sep2022,166.8077
8912,Bangladesh,Jul2021,0.0
8913,Bangladesh,Aug2021,0.0
8914,Bangladesh,Sep2021,0.0
8915,Bangladesh,Oct2021,0.0
8916,Bangladesh,Nov2021,0.0
8917,Bangladesh,Dec2021,0.0
8918,Bangladesh,Jan2022,0.0
8919,Bangladesh,Feb2022,0.0
8920,Bangladesh,Mar2022,0.0
8921,Bangladesh,Apr2022,0.0
8922,Bangladesh,May2022,0.0
8923,Bangladesh,Jun2022,0.0
8924,Bangladesh,Jul2022,0.0
8925,Bangladesh,Aug2022,0.0
8926,Bangladesh,Sep2022,0.0
8927,Barbados,Jul2021,0.0
8928,Barbados,Aug2021,0.0
8929,Barbados,Sep2021,0.0
8930,Barbados,Oct2021,0.0
8931,Barbados,Nov2021,0.0
8932,Barbados,Dec2021,0.0
8933,Barbados,Jan2022,0.0
8934,Barbados,Feb2022,0.0
8935,Barbados,Mar2022,0.0
8936,Barbados,Apr2022,0.0
8937,Barbados,May2022,0.0
8938,Barbados,Jun2022,0.0
8939,Barbados,Jul2022,0.0
8940,Barbados,Aug2022,0.0
8941,Barbados,Sep2022,0.0
8942,Belarus,Jul2021,0.0
8943,Belarus,Aug2021,0.0
8944,Belarus,Sep2021,0.0
8945,Belarus,Oct2021,0.0
8946,Belarus,Nov2021,0.0
8947,Belarus,Dec2021,0.0
8948,Belarus,Jan2022,0.0
8949,Belarus,Feb2022,0.0
8950,Belarus,Mar2022,0.0
8951,Belarus,Apr2022,0.0
8952,Belarus,May2022,0.0
8953,Belarus,Jun2022,0.0
8954,Belarus,Jul2022,0.0
8955,Belarus,Aug2022,0.0
8956,Belarus,Sep2022,0.0
8957,Belgium,Jul2021,0.0
8958,Belgium,Aug2021,0.0
8959,Belgium,Sep2021,0.0
8960,Belgium,Oct2021,0.0
8961,Belgium,Nov2021,0.0
8962,Belgium,Dec2021,0.0
8963,Belgium,Jan2022,0.0
8964,Belgium,Feb2022,0.0
8965,Belgium,Mar2022,0.0
8966,Belgium,Apr2022,0.0
8967,Belgium,May2022,0.2377
8968,Belgium,Jun2022,0.0
8969,Belgium,Jul2022,0.0
8970,Belgium,Aug2022,0.0
8971,Belgium,Sep2022,0.0
8972,Belize,Jul2021,0.0
8973,Belize,Aug2021,0.0
8974,Belize,Sep2021,0.0
8975,Belize,Oct2021,0.0
8976,Belize,Nov2021,0.0
8977,Belize,Dec2021,0.0
8978,Belize,Jan2022,0.0
8979,Belize,Feb2022,0.0
8980,Belize,Mar2022,0.0
8981,Belize,Apr2022,0.0
8982,Belize,May2022,0.0
8983,Belize,Jun2022,0.0
8984,Belize,Jul2022,0.0
8985,Belize,Aug2022,0.0
8986,Belize,Sep2022,0.0
8987,Bermuda,Jul2021,0.0
8988,Bermuda,Aug2021,0.0
8989,Bermuda,Sep2021,0.0
8990,Bermuda,Oct2021,0.0
8991,Bermuda,Nov2021,0.0
8992,Bermuda,Dec2021,0.0
8993,Bermuda,Jan2022,0.0
8994,Bermuda,Feb2022,0.0
8995,Bermuda,Mar2022,0.0
8996,Bermuda,Apr2022,0.0
8997,Bermuda,May2022,0.0
8998,Bermuda,Jun2022,0.0
8999,Bermuda,Jul2022,0.0
9000,Bermuda,Aug2022,0.0
9001,Bermuda,Sep2022,0.0
9002,Bolivia,Jul2021,0.0
9003,Bolivia,Aug2021,0.0
9004,Bolivia,Sep2021,0.0
9005,Bolivia,Oct2021,0.0
9006,Bolivia,Nov2021,0.0
9007,Bolivia,Dec2021,0.0
9008,Bolivia,Jan2022,0.0
9009,Bolivia,Feb2022,0.0
9010,Bolivia,Mar2022,0.0
9011,Bolivia,Apr2022,0.0
9012,Bolivia,May2022,0.0
9013,Bolivia,Jun2022,0.0
9014,Bolivia,Jul2022,0.0
9015,Bolivia,Aug2022,0.0
9016,Bolivia,Sep2022,0.0
9017,Brazil,Jul2021,1594.3871
9018,Brazil,Aug2021,1259.129
9019,Brazil,Sep2021,1392.9667
9020,Brazil,Oct2021,1129.2258
9021,Brazil,Nov2021,1076.0
9022,Brazil,Dec2021,1041.2903
9023,Brazil,Jan2022,1427.8065
9024,Brazil,Feb2022,828.2143
9025,Brazil,Mar2022,1445.2258
9026,Brazil,Apr2022,1230.6667
9027,Brazil,May2022,1243.5806
9028,Brazil,Jun2022,1149.9
9029,Brazil,Jul2022,0.0
9030,Brazil,Aug2022,0.0
9031,Brazil,Sep2022,0.0
9032,Brunei Darussalam,Jul2021,88.8629
9033,Brunei Darussalam,Aug2021,87.0379
9034,Brunei Darussalam,Sep2021,79.8809
9035,Brunei Darussalam,Oct2021,59.4465
9036,Brunei Darussalam,Nov2021,67.9339
9037,Brunei Darussalam,Dec2021,63.9092
9038,Brunei Darussalam,Jan2022,46.8669
9039,Brunei Darussalam,Feb2022,51.2154
9040,Brunei Darussalam,Mar2022,26.781
9041,Brunei Darussalam,Apr2022,50.3189
9042,Brunei Darussalam,May2022,33.0716
9043,Brunei Darussalam,Jun2022,48.8479
9044,Brunei Darussalam,Jul2022,48.6974
9045,Brunei Darussalam,Aug2022,44.4347
9046,Brunei Darussalam,Sep2022,31.4502
9047,Bulgaria,Jul2021,0.0
9048,Bulgaria,Aug2021,0.0
9049,Bulgaria,Sep2021,0.0
9050,Bulgaria,Oct2021,0.0
9051,Bulgaria,Nov2021,0.0
9052,Bulgaria,Dec2021,0.0
9053,Bulgaria,Jan2022,0.0
9054,Bulgaria,Feb2022,0.0
9055,Bulgaria,Mar2022,0.0
9056,Bulgaria,Apr2022,0.0
9057,Bulgaria,May2022,0.0
9058,Bulgaria,Jun2022,0.0
9059,Bulgaria,Jul2022,0.0
9060,Bulgaria,Aug2022,0.0
9061,Bulgaria,Sep2022,0.0
9062,Canada,Jul2021,3167.1981
9063,Canada,Aug2021,3263.2458
9064,Canada,Sep2021,3082.6253
9065,Canada,Oct2021,3026.2171
9066,Canada,Nov2021,3330.2573
9067,Canada,Dec2021,3325.0587
9068,Canada,Jan2022,3295.5787
9069,Canada,Feb2022,3231.2186
9070,Canada,Mar2022,3357.6294
9071,Canada,Apr2022,3211.109
9072,Canada,May2022,3319.8284
9073,Canada,Jun2022,3259.2597
9074,Canada,Jul2022,3422.5329
9075,Canada,Aug2022,3506.4558
9076,Canada,Sep2022,3563.8863
9077,Chile,Jul2021,0.0
9078,Chile,Aug2021,0.0
9079,Chile,Sep2021,0.0
9080,Chile,Oct2021,0.0
9081,Chile,Nov2021,0.0
9082,Chile,Dec2021,0.0
9083,Chile,Jan2022,0.0
9084,Chile,Feb2022,0.0
9085,Chile,Mar2022,0.0
9086,Chile,Apr2022,0.0
9087,Chile,May2022,0.0
9088,Chile,Jun2022,0.0
9089,Chile,Jul2022,0.0
9090,Chile,Aug2022,0.0
9091,Chile,Sep2022,0.0
9092,China,Jul2021,140.2032
9093,China,Aug2021,0.0
9094,China,Sep2021,19.0785
9095,China,Oct2021,20.0874
9096,China,Nov2021,178.852
9097,China,Dec2021,123.9677
9098,China,Jan2022,21.5083
9099,China,Feb2022,24.035
9100,China,Mar2022,0.0
9101,China,Apr2022,41.0928
9102,China,May2022,0.0
9103,China,Jun2022,52.2089
9104,China,Jul2022,10.9569
9105,China,Aug2022,114.8371
9106,China,Sep2022,176.7525
9107,Chinese Taipei,Jul2021,0.0
9108,Chinese Taipei,Aug2021,0.0
9109,Chinese Taipei,Sep2021,0.0
9110,Chinese Taipei,Oct2021,0.0
9111,Chinese Taipei,Nov2021,0.0
9112,Chinese Taipei,Dec2021,0.0
9113,Chinese Taipei,Jan2022,0.0
9114,Chinese Taipei,Feb2022,0.0
9115,Chinese Taipei,Mar2022,0.0
9116,Chinese Taipei,Apr2022,0.0
9117,Chinese Taipei,May2022,0.0
9118,Chinese Taipei,Jun2022,0.0
9119,Chinese Taipei,Jul2022,0.0
9120,Chinese Taipei,Aug2022,0.0
9121,Chinese Taipei,Sep2022,0.0
9122,Colombia,Jul2021,0.0
9123,Colombia,Aug2021,0.0
9124,Colombia,Sep2021,0.0
9125,Colombia,Oct2021,0.0
9126,Colombia,Nov2021,0.0
9127,Colombia,Dec2021,0.0
9128,Colombia,Jan2022,0.0
9129,Colombia,Feb2022,0.0
9130,Colombia,Mar2022,0.0
9131,Colombia,Apr2022,0.0
9132,Colombia,May2022,0.0
9133,Colombia,Jun2022,0.0
9134,Colombia,Jul2022,0.0
9135,Colombia,Aug2022,0.0
9136,Colombia,Sep2022,0.0
9137,Costa Rica,Jul2021,0.0
9138,Costa Rica,Aug2021,0.0
9139,Costa Rica,Sep2021,0.0
9140,Costa Rica,Oct2021,0.0
9141,Costa Rica,Nov2021,0.0
9142,Costa Rica,Dec2021,0.0
9143,Costa Rica,Jan2022,0.0
9144,Costa Rica,Feb2022,0.0
9145,Costa Rica,Mar2022,0.0
9146,Costa Rica,Apr2022,0.0
9147,Costa Rica,May2022,0.0
9148,Costa Rica,Jun2022,0.0
9149,Costa Rica,Jul2022,0.0
9150,Costa Rica,Aug2022,0.0
9151,Costa Rica,Sep2022,0.0
9152,Croatia,Jul2021,10.7681
9153,Croatia,Aug2021,9.3323
9154,Croatia,Sep2021,8.4071
9155,Croatia,Oct2021,9.3323
9156,Croatia,Nov2021,9.6434
9157,Croatia,Dec2021,15.0753
9158,Croatia,Jan2022,9.3323
9159,Croatia,Feb2022,5.2986
9160,Croatia,Mar2022,2.3929
9161,Croatia,Apr2022,0.0
9162,Croatia,May2022,0.0
9163,Croatia,Jun2022,0.0
9164,Croatia,Jul2022,0.0
9165,Croatia,Aug2022,0.0
9166,Croatia,Sep2022,0.0
9167,Cuba,Jul2021,0.0
9168,Cuba,Aug2021,0.0
9169,Cuba,Sep2021,0.0
9170,Cuba,Oct2021,0.0
9171,Cuba,Nov2021,0.0
9172,Cuba,Dec2021,0.0
9173,Cuba,Jan2022,0.0
9174,Cuba,Feb2022,0.0
9175,Cuba,Mar2022,0.0
9176,Cuba,Apr2022,0.0
9177,Cuba,May2022,0.0
9178,Cuba,Jun2022,0.0
9179,Cuba,Jul2022,0.0
9180,Cuba,Aug2022,0.0
9181,Cuba,Sep2022,0.0
9182,Cyprus,Jul2021,0.0
9183,Cyprus,Aug2021,0.0
9184,Cyprus,Sep2021,0.0
9185,Cyprus,Oct2021,0.0
9186,Cyprus,Nov2021,0.0
9187,Cyprus,Dec2021,0.0
9188,Cyprus,Jan2022,0.0
9189,Cyprus,Feb2022,0.0
9190,Cyprus,Mar2022,0.0
9191,Cyprus,Apr2022,0.0
9192,Cyprus,May2022,0.0
9193,Cyprus,Jun2022,0.0
9194,Cyprus,Jul2022,0.0
9195,Cyprus,Aug2022,0.0
9196,Cyprus,Sep2022,0.0
9197,Czech Republic,Jul2021,0.0
9198,Czech Republic,Aug2021,0.0
9199,Czech Republic,Sep2021,0.0
9200,Czech Republic,Oct2021,0.0
9201,Czech Republic,Nov2021,0.0
9202,Czech Republic,Dec2021,0.0
9203,Czech Republic,Jan2022,0.0
9204,Czech Republic,Feb2022,0.0
9205,Czech Republic,Mar2022,0.0
9206,Czech Republic,Apr2022,0.0
9207,Czech Republic,May2022,0.0
9208,Czech Republic,Jun2022,0.0
9209,Czech Republic,Jul2022,0.0
9210,Czech Republic,Aug2022,0.0
9211,Czech Republic,Sep2022,0.0
9212,Denmark,Jul2021,0.0
9213,Denmark,Aug2021,7.8455
9214,Denmark,Sep2021,15.9683
9215,Denmark,Oct2021,8.0832
9216,Denmark,Nov2021,20.3903
9217,Denmark,Dec2021,14.9777
9218,Denmark,Jan2022,40.6539
9219,Denmark,Feb2022,0.0
9220,Denmark,Mar2022,35.899
9221,Denmark,Apr2022,8.3527
9222,Denmark,May2022,6.8945
9223,Denmark,Jun2022,8.107
9224,Denmark,Jul2022,7.8455
9225,Denmark,Aug2022,6.419
9226,Denmark,Sep2022,0.0
9227,Dominican Republic,Jul2021,0.0
9228,Dominican Republic,Aug2021,0.0
9229,Dominican Republic,Sep2021,0.0
9230,Dominican Republic,Oct2021,0.0
9231,Dominican Republic,Nov2021,0.0
9232,Dominican Republic,Dec2021,0.0
9233,Dominican Republic,Jan2022,0.0
9234,Dominican Republic,Feb2022,0.0
9235,Dominican Republic,Mar2022,0.0
9236,Dominican Republic,Apr2022,0.0
9237,Dominican Republic,May2022,0.0
9238,Dominican Republic,Jun2022,0.0
9239,Dominican Republic,Jul2022,0.0
9240,Dominican Republic,Aug2022,0.0
9241,Dominican Republic,Sep2022,0.0
9242,Ecuador,Jul2021,0.0
9243,Ecuador,Aug2021,0.0
9244,Ecuador,Sep2021,0.0
9245,Ecuador,Oct2021,0.0
9246,Ecuador,Nov2021,0.0
9247,Ecuador,Dec2021,0.0
9248,Ecuador,Jan2022,0.0
9249,Ecuador,Feb2022,0.0
9250,Ecuador,Mar2022,0.0
9251,Ecuador,Apr2022,0.0
9252,Ecuador,May2022,0.0
9253,Ecuador,Jun2022,0.0
9254,Ecuador,Jul2022,0.0
9255,Ecuador,Aug2022,0.0
9256,Ecuador,Sep2022,0.0
9257,Egypt (Arab Rep.),Jul2021,142.6239
9258,Egypt (Arab Rep.),Aug2021,173.7716
9259,Egypt (Arab Rep.),Sep2021,131.406
9260,Egypt (Arab Rep.),Oct2021,96.4877
9261,Egypt (Arab Rep.),Nov2021,118.338
9262,Egypt (Arab Rep.),Dec2021,94.1458
9263,Egypt (Arab Rep.),Jan2022,77.0497
9264,Egypt (Arab Rep.),Feb2022,101.1214
9265,Egypt (Arab Rep.),Mar2022,77.2839
9266,Egypt (Arab Rep.),Apr2022,93.654
9267,Egypt (Arab Rep.),May2022,60.6561
9268,Egypt (Arab Rep.),Jun2022,75.02
9269,Egypt (Arab Rep.),Jul2022,58.5484
9270,Egypt (Arab Rep.),Aug2022,57.6116
9271,Egypt (Arab Rep.),Sep2022,29.04
9272,El Salvador,Jul2021,0.0
9273,El Salvador,Aug2021,0.0
9274,El Salvador,Sep2021,0.0
9275,El Salvador,Oct2021,0.0
9276,El Salvador,Nov2021,0.0
9277,El Salvador,Dec2021,0.0
9278,El Salvador,Jan2022,0.0
9279,El Salvador,Feb2022,0.0
9280,El Salvador,Mar2022,0.0
9281,El Salvador,Apr2022,0.0
9282,El Salvador,May2022,0.0
9283,El Salvador,Jun2022,0.0
9284,El Salvador,Jul2022,0.0
9285,El Salvador,Aug2022,0.0
9286,El Salvador,Sep2022,0.0
9287,Equatorial Guinea,Jul2021,83.0
9288,Equatorial Guinea,Aug2021,84.0
9289,Equatorial Guinea,Sep2021,84.0
9290,Equatorial Guinea,Oct2021,84.0
9291,Equatorial Guinea,Nov2021,65.0
9292,Equatorial Guinea,Dec2021,105.0
9293,Equatorial Guinea,Jan2022,116.0
9294,Equatorial Guinea,Feb2022,68.0
9295,Equatorial Guinea,Mar2022,87.0
9296,Equatorial Guinea,Apr2022,122.0
9297,Equatorial Guinea,May2022,66.0
9298,Equatorial Guinea,Jun2022,86.0
9299,Equatorial Guinea,Jul2022,0.0
9300,Equatorial Guinea,Aug2022,0.0
9301,Equatorial Guinea,Sep2022,0.0
9302,Estonia,Jul2021,0.0
9303,Estonia,Aug2021,0.0
9304,Estonia,Sep2021,0.0
9305,Estonia,Oct2021,0.0
9306,Estonia,Nov2021,0.0
9307,Estonia,Dec2021,0.0
9308,Estonia,Jan2022,0.0
9309,Estonia,Feb2022,0.0
9310,Estonia,Mar2022,0.0
9311,Estonia,Apr2022,0.0
9312,Estonia,May2022,0.0
9313,Estonia,Jun2022,0.0
9314,Estonia,Jul2022,0.0
9315,Estonia,Aug2022,0.0
9316,Estonia,Sep2022,0.0
9317,Eswatini,Jul2021,0.0
9318,Eswatini,Aug2021,0.0
9319,Eswatini,Sep2021,0.0
9320,Eswatini,Oct2021,0.0
9321,Eswatini,Nov2021,0.0
9322,Eswatini,Dec2021,0.0
9323,Eswatini,Jan2022,0.0
9324,Eswatini,Feb2022,0.0
9325,Eswatini,Mar2022,0.0
9326,Eswatini,Apr2022,0.0
9327,Eswatini,May2022,0.0
9328,Eswatini,Jun2022,0.0
9329,Eswatini,Jul2022,0.0
9330,Eswatini,Aug2022,0.0
9331,Eswatini,Sep2022,0.0
9332,Finland,Jul2021,0.0
9333,Finland,Aug2021,0.0
9334,Finland,Sep2021,0.0
9335,Finland,Oct2021,0.0
9336,Finland,Nov2021,0.0
9337,Finland,Dec2021,0.0
9338,Finland,Jan2022,0.0
9339,Finland,Feb2022,0.0
9340,Finland,Mar2022,0.0
9341,Finland,Apr2022,0.0
9342,Finland,May2022,0.0
9343,Finland,Jun2022,0.0
9344,Finland,Jul2022,0.0
9345,Finland,Aug2022,0.0
9346,Finland,Sep2022,0.0
9347,France,Jul2021,0.0
9348,France,Aug2021,0.4755
9349,France,Sep2021,0.0
9350,France,Oct2021,1.1887
9351,France,Nov2021,0.0
9352,France,Dec2021,0.0
9353,France,Jan2022,0.0
9354,France,Feb2022,0.0
9355,France,Mar2022,0.0
9356,France,Apr2022,0.0
9357,France,May2022,0.0
9358,France,Jun2022,0.0
9359,France,Jul2022,0.0
9360,France,Aug2022,0.0
9361,France,Sep2022,0.0
9362,Gabon,Jul2021,151.0
9363,Gabon,Aug2021,211.0
9364,Gabon,Sep2021,0.0
9365,Gabon,Oct2021,0.0
9366,Gabon,Nov2021,0.0
9367,Gabon,Dec2021,0.0
9368,Gabon,Jan2022,0.0
9369,Gabon,Feb2022,197.0
9370,Gabon,Mar2022,0.0
9371,Gabon,Apr2022,0.0
9372,Gabon,May2022,0.0
9373,Gabon,Jun2022,0.0
9374,Gabon,Jul2022,0.0
9375,Gabon,Aug2022,0.0
9376,Gabon,Sep2022,0.0
9377,Gambia,Jul2021,0.0
9378,Gambia,Aug2021,0.0
9379,Gambia,Sep2021,0.0
9380,Gambia,Oct2021,0.0
9381,Gambia,Nov2021,0.0
9382,Gambia,Dec2021,0.0
9383,Gambia,Jan2022,0.0
9384,Gambia,Feb2022,0.0
9385,Gambia,Mar2022,0.0
9386,Gambia,Apr2022,0.0
9387,Gambia,May2022,0.0
9388,Gambia,Jun2022,0.0
9389,Gambia,Jul2022,0.0
9390,Gambia,Aug2022,0.0
9391,Gambia,Sep2022,0.0
9392,Georgia,Jul2021,0.0
9393,Georgia,Aug2021,0.0
9394,Georgia,Sep2021,0.0
9395,Georgia,Oct2021,0.0
9396,Georgia,Nov2021,0.0
9397,Georgia,Dec2021,0.0
9398,Georgia,Jan2022,0.0
9399,Georgia,Feb2022,0.0
9400,Georgia,Mar2022,0.0
9401,Georgia,Apr2022,0.0
9402,Georgia,May2022,0.0
9403,Georgia,Jun2022,0.0
9404,Georgia,Jul2022,0.0
9405,Georgia,Aug2022,0.0
9406,Georgia,Sep2022,0.0
9407,Germany,Jul2021,0.0
9408,Germany,Aug2021,0.0
9409,Germany,Sep2021,0.0
9410,Germany,Oct2021,0.0
9411,Germany,Nov2021,0.0
9412,Germany,Dec2021,0.0
9413,Germany,Jan2022,0.0
9414,Germany,Feb2022,0.0
9415,Germany,Mar2022,0.0
9416,Germany,Apr2022,23.3383
9417,Germany,May2022,0.0
9418,Germany,Jun2022,0.0
9419,Germany,Jul2022,0.0
9420,Germany,Aug2022,0.0
9421,Germany,Sep2022,0.0
9422,Greece,Jul2021,0.0
9423,Greece,Aug2021,6.6568
9424,Greece,Sep2021,0.0
9425,Greece,Oct2021,0.0
9426,Greece,Nov2021,0.0
9427,Greece,Dec2021,0.0
9428,Greece,Jan2022,0.0
9429,Greece,Feb2022,0.0
9430,Greece,Mar2022,0.0
9431,Greece,Apr2022,0.0
9432,Greece,May2022,0.0
9433,Greece,Jun2022,0.0
9434,Greece,Jul2022,0.0
9435,Greece,Aug2022,0.0
9436,Greece,Sep2022,0.0
9437,Grenada,Jul2021,0.0
9438,Grenada,Aug2021,0.0
9439,Grenada,Sep2021,0.0
9440,Grenada,Oct2021,0.0
9441,Grenada,Nov2021,0.0
9442,Grenada,Dec2021,0.0
9443,Grenada,Jan2022,0.0
9444,Grenada,Feb2022,0.0
9445,Grenada,Mar2022,0.0
9446,Grenada,Apr2022,0.0
9447,Grenada,May2022,0.0
9448,Grenada,Jun2022,0.0
9449,Grenada,Jul2022,0.0
9450,Grenada,Aug2022,0.0
9451,Grenada,Sep2022,0.0
9452,Guatemala,Jul2021,0.0
9453,Guatemala,Aug2021,0.0
9454,Guatemala,Sep2021,0.0
9455,Guatemala,Oct2021,0.0
9456,Guatemala,Nov2021,0.0
9457,Guatemala,Dec2021,0.0
9458,Guatemala,Jan2022,0.0
9459,Guatemala,Feb2022,0.0
9460,Guatemala,Mar2022,0.0
9461,Guatemala,Apr2022,0.0
9462,Guatemala,May2022,0.0
9463,Guatemala,Jun2022,0.0
9464,Guatemala,Jul2022,0.0
9465,Guatemala,Aug2022,0.0
9466,Guatemala,Sep2022,0.0
9467,Guyana,Jul2021,0.0
9468,Guyana,Aug2021,0.0
9469,Guyana,Sep2021,0.0
9470,Guyana,Oct2021,0.0
9471,Guyana,Nov2021,0.0
9472,Guyana,Dec2021,0.0
9473,Guyana,Jan2022,0.0
9474,Guyana,Feb2022,0.0
9475,Guyana,Mar2022,0.0
9476,Guyana,Apr2022,0.0
9477,Guyana,May2022,0.0
9478,Guyana,Jun2022,0.0
9479,Guyana,Jul2022,0.0
9480,Guyana,Aug2022,0.0
9481,Guyana,Sep2022,0.0
9482,Haiti,Jul2021,0.0
9483,Haiti,Aug2021,0.0
9484,Haiti,Sep2021,0.0
9485,Haiti,Oct2021,0.0
9486,Haiti,Nov2021,0.0
9487,Haiti,Dec2021,0.0
9488,Haiti,Jan2022,0.0
9489,Haiti,Feb2022,0.0
9490,Haiti,Mar2022,0.0
9491,Haiti,Apr2022,0.0
9492,Haiti,May2022,0.0
9493,Haiti,Jun2022,0.0
9494,Haiti,Jul2022,0.0
9495,Haiti,Aug2022,0.0
9496,Haiti,Sep2022,0.0
9497,Honduras,Jul2021,0.0
9498,Honduras,Aug2021,0.0
9499,Honduras,Sep2021,0.0
9500,Honduras,Oct2021,0.0
9501,Honduras,Nov2021,0.0
9502,Honduras,Dec2021,0.0
9503,Honduras,Jan2022,0.0
9504,Honduras,Feb2022,0.0
9505,Honduras,Mar2022,0.0
9506,Honduras,Apr2022,0.0
9507,Honduras,May2022,0.0
9508,Honduras,Jun2022,0.0
9509,Honduras,Jul2022,0.0
9510,Honduras,Aug2022,0.0
9511,Honduras,Sep2022,0.0
9512,Hong Kong China,Jul2021,0.0
9513,Hong Kong China,Aug2021,0.0
9514,Hong Kong China,Sep2021,0.0
9515,Hong Kong China,Oct2021,0.0
9516,Hong Kong China,Nov2021,0.0
9517,Hong Kong China,Dec2021,0.0
9518,Hong Kong China,Jan2022,0.0
9519,Hong Kong China,Feb2022,0.0
9520,Hong Kong China,Mar2022,0.0
9521,Hong Kong China,Apr2022,0.0
9522,Hong Kong China,May2022,0.0
9523,Hong Kong China,Jun2022,0.0
9524,Hong Kong China,Jul2022,0.0
9525,Hong Kong China,Aug2022,0.0
9526,Hong Kong China,Sep2022,0.0
9527,Hungary,Jul2021,9.7474
9528,Hungary,Aug2021,0.0
9529,Hungary,Sep2021,2.7023
9530,Hungary,Oct2021,0.0
9531,Hungary,Nov2021,9.3353
9532,Hungary,Dec2021,5.9435
9533,Hungary,Jan2022,9.0342
9534,Hungary,Feb2022,0.0
9535,Hungary,Mar2022,2.3774
9536,Hungary,Apr2022,5.4047
9537,Hungary,May2022,2.8529
9538,Hungary,Jun2022,0.0
9539,Hungary,Jul2022,0.0
9540,Hungary,Aug2022,0.0
9541,Hungary,Sep2022,0.0
9542,Iceland,Jul2021,0.0
9543,Iceland,Aug2021,0.0
9544,Iceland,Sep2021,0.0
9545,Iceland,Oct2021,0.0
9546,Iceland,Nov2021,0.0
9547,Iceland,Dec2021,0.0
9548,Iceland,Jan2022,0.0
9549,Iceland,Feb2022,0.0
9550,Iceland,Mar2022,0.0
9551,Iceland,Apr2022,0.0
9552,Iceland,May2022,0.0
9553,Iceland,Jun2022,0.0
9554,Iceland,Jul2022,0.0
9555,Iceland,Aug2022,0.0
9556,Iceland,Sep2022,0.0
9557,India,Jul2021,0.0
9558,India,Aug2021,0.0
9559,India,Sep2021,0.0
9560,India,Oct2021,0.0
9561,India,Nov2021,0.0
9562,India,Dec2021,0.0
9563,India,Jan2022,0.0
9564,India,Feb2022,0.0
9565,India,Mar2022,0.0
9566,India,Apr2022,0.0
9567,India,May2022,0.0
9568,India,Jun2022,0.0
9569,India,Jul2022,0.0
9570,India,Aug2022,0.0
9571,India,Sep2022,0.0
9572,Indonesia,Jul2021,106.4194
9573,Indonesia,Aug2021,52.6452
9574,Indonesia,Sep2021,42.5333
9575,Indonesia,Oct2021,49.6774
9576,Indonesia,Nov2021,52.6333
9577,Indonesia,Dec2021,43.2903
9578,Indonesia,Jan2022,13.871
9579,Indonesia,Feb2022,39.8214
9580,Indonesia,Mar2022,55.3871
9581,Indonesia,Apr2022,25.2
9582,Indonesia,May2022,43.4839
9583,Indonesia,Jun2022,74.1
9584,Indonesia,Jul2022,33.0323
9585,Indonesia,Aug2022,40.9032
9586,Indonesia,Sep2022,45.1333
9587,Iran (Islamic Rep.),Jul2021,0.0
9588,Iran (Islamic Rep.),Aug2021,0.0
9589,Iran (Islamic Rep.),Sep2021,0.0
9590,Iran (Islamic Rep.),Oct2021,0.0
9591,Iran (Islamic Rep.),Nov2021,0.0
9592,Iran (Islamic Rep.),Dec2021,0.0
9593,Iran (Islamic Rep.),Jan2022,0.0
9594,Iran (Islamic Rep.),Feb2022,0.0
9595,Iran (Islamic Rep.),Mar2022,0.0
9596,Iran (Islamic Rep.),Apr2022,0.0
9597,Iran (Islamic Rep.),May2022,0.0
9598,Iran (Islamic Rep.),Jun2022,0.0
9599,Iran (Islamic Rep.),Jul2022,0.0
9600,Iran (Islamic Rep.),Aug2022,0.0
9601,Iran (Islamic Rep.),Sep2022,0.0
9602,Iraq,Jul2021,3344.0
9603,Iraq,Aug2021,3419.0
9604,Iraq,Sep2021,3551.0
9605,Iraq,Oct2021,3528.0
9606,Iraq,Nov2021,3681.0
9607,Iraq,Dec2021,3683.0
9608,Iraq,Jan2022,3620.0
9609,Iraq,Feb2022,3718.0
9610,Iraq,Mar2022,3607.0
9611,Iraq,Apr2022,3834.0
9612,Iraq,May2022,3715.0
9613,Iraq,Jun2022,3768.0
9614,Iraq,Jul2022,3705.0
9615,Iraq,Aug2022,3643.0
9616,Iraq,Sep2022,3752.0
9617,Ireland,Jul2021,0.0
9618,Ireland,Aug2021,0.0
9619,Ireland,Sep2021,0.0
9620,Ireland,Oct2021,0.0
9621,Ireland,Nov2021,0.0
9622,Ireland,Dec2021,0.0
9623,Ireland,Jan2022,0.0
9624,Ireland,Feb2022,0.0
9625,Ireland,Mar2022,0.0
9626,Ireland,Apr2022,0.0
9627,Ireland,May2022,0.0
9628,Ireland,Jun2022,0.0
9629,Ireland,Jul2022,0.0
9630,Ireland,Aug2022,0.0
9631,Ireland,Sep2022,0.0
9632,Italy,Jul2021,7.1323
9633,Italy,Aug2021,7.1323
9634,Italy,Sep2021,6.8787
9635,Italy,Oct2021,6.419
9636,Italy,Nov2021,0.0
9637,Italy,Dec2021,0.0
9638,Italy,Jan2022,7.1323
9639,Italy,Feb2022,15.7929
9640,Italy,Mar2022,7.1323
9641,Italy,Apr2022,13.7573
9642,Italy,May2022,21.3968
9643,Italy,Jun2022,7.37
9644,Italy,Jul2022,6.6568
9645,Italy,Aug2022,14.0268
9646,Italy,Sep2022,7.37
9647,Jamaica,Jul2021,0.0
9648,Jamaica,Aug2021,0.0
9649,Jamaica,Sep2021,0.0
9650,Jamaica,Oct2021,0.0
9651,Jamaica,Nov2021,0.0
9652,Jamaica,Dec2021,0.0
9653,Jamaica,Jan2022,0.0
9654,Jamaica,Feb2022,0.0
9655,Jamaica,Mar2022,0.0
9656,Jamaica,Apr2022,0.0
9657,Jamaica,May2022,0.0
9658,Jamaica,Jun2022,0.0
9659,Jamaica,Jul2022,0.0
9660,Jamaica,Aug2022,0.0
9661,Jamaica,Sep2022,0.0
9662,Japan,Jul2021,0.0
9663,Japan,Aug2021,0.0
9664,Japan,Sep2021,0.0
9665,Japan,Oct2021,0.0
9666,Japan,Nov2021,0.0
9667,Japan,Dec2021,0.0
9668,Japan,Jan2022,0.0
9669,Japan,Feb2022,0.0
9670,Japan,Mar2022,0.0
9671,Japan,Apr2022,0.0
9672,Japan,May2022,0.0
9673,Japan,Jun2022,0.0
9674,Japan,Jul2022,0.0
9675,Japan,Aug2022,0.0
9676,Japan,Sep2022,0.0
9677,Kazakhstan,Jul2021,1279.5271
9678,Kazakhstan,Aug2021,1395.3074
9679,Kazakhstan,Sep2021,1368.3633
9680,Kazakhstan,Oct2021,1323.0339
9681,Kazakhstan,Nov2021,1179.937
9682,Kazakhstan,Dec2021,1263.8361
9683,Kazakhstan,Jan2022,1373.4352
9684,Kazakhstan,Feb2022,1539.8036
9685,Kazakhstan,Mar2022,1527.0165
9686,Kazakhstan,Apr2022,1553.1047
9687,Kazakhstan,May2022,1371.0577
9688,Kazakhstan,Jun2022,1480.633
9689,Kazakhstan,Jul2022,1111.6813
9690,Kazakhstan,Aug2022,1240.0619
9691,Kazakhstan,Sep2022,0.0
9692,Korea,Jul2021,0.0
9693,Korea,Aug2021,0.0
9694,Korea,Sep2021,0.0
9695,Korea,Oct2021,0.0
9696,Korea,Nov2021,0.0
9697,Korea,Dec2021,0.0
9698,Korea,Jan2022,0.0
9699,Korea,Feb2022,0.0
9700,Korea,Mar2022,0.0
9701,Korea,Apr2022,0.0
9702,Korea,May2022,0.0
9703,Korea,Jun2022,0.0
9704,Korea,Jul2022,0.0
9705,Korea,Aug2022,0.0
9706,Korea,Sep2022,0.0
9707,Kuwait,Jul2021,1776.0
9708,Kuwait,Aug2021,1726.0
9709,Kuwait,Sep2021,0.0
9710,Kuwait,Oct2021,1727.0
9711,Kuwait,Nov2021,1785.0
9712,Kuwait,Dec2021,1813.0
9713,Kuwait,Jan2022,1825.0
9714,Kuwait,Feb2022,1997.0
9715,Kuwait,Mar2022,1890.0
9716,Kuwait,Apr2022,1840.0
9717,Kuwait,May2022,1880.0
9718,Kuwait,Jun2022,1860.0
9719,Kuwait,Jul2022,1920.0
9720,Kuwait,Aug2022,1954.0
9721,Kuwait,Sep2022,2000.0
9722,Latvia,Jul2021,0.0
9723,Latvia,Aug2021,0.0
9724,Latvia,Sep2021,0.0
9725,Latvia,Oct2021,0.0
9726,Latvia,Nov2021,0.0
9727,Latvia,Dec2021,0.0
9728,Latvia,Jan2022,0.0
9729,Latvia,Feb2022,0.0
9730,Latvia,Mar2022,0.0
9731,Latvia,Apr2022,0.0
9732,Latvia,May2022,0.0
9733,Latvia,Jun2022,0.0
9734,Latvia,Jul2022,0.0
9735,Latvia,Aug2022,0.0
9736,Latvia,Sep2022,0.0
9737,Libya,Jul2021,0.0
9738,Libya,Aug2021,0.0
9739,Libya,Sep2021,0.0
9740,Libya,Oct2021,0.0
9741,Libya,Nov2021,0.0
9742,Libya,Dec2021,0.0
9743,Libya,Jan2022,0.0
9744,Libya,Feb2022,0.0
9745,Libya,Mar2022,0.0
9746,Libya,Apr2022,0.0
9747,Libya,May2022,0.0
9748,Libya,Jun2022,0.0
9749,Libya,Jul2022,0.0
9750,Libya,Aug2022,0.0
9751,Libya,Sep2022,0.0
9752,Lithuania,Jul2021,0.0
9753,Lithuania,Aug2021,1.6484
9754,Lithuania,Sep2021,0.0
9755,Lithuania,Oct2021,0.0
9756,Lithuania,Nov2021,1.7033
9757,Lithuania,Dec2021,0.0
9758,Lithuania,Jan2022,0.9419
9759,Lithuania,Feb2022,0.0
9760,Lithuania,Mar2022,1.4129
9761,Lithuania,Apr2022,0.0
9762,Lithuania,May2022,0.0
9763,Lithuania,Jun2022,1.7033
9764,Lithuania,Jul2022,0.0
9765,Lithuania,Aug2022,0.0
9766,Lithuania,Sep2022,0.0
9767,Luxembourg,Jul2021,0.0
9768,Luxembourg,Aug2021,0.0
9769,Luxembourg,Sep2021,0.0
9770,Luxembourg,Oct2021,0.0
9771,Luxembourg,Nov2021,0.0
9772,Luxembourg,Dec2021,0.0
9773,Luxembourg,Jan2022,0.0
9774,Luxembourg,Feb2022,0.0
9775,Luxembourg,Mar2022,0.0
9776,Luxembourg,Apr2022,0.0
9777,Luxembourg,May2022,0.0
9778,Luxembourg,Jun2022,0.0
9779,Luxembourg,Jul2022,0.0
9780,Luxembourg,Aug2022,0.0
9781,Luxembourg,Sep2022,0.0
9782,North Macedonia,Jul2021,0.0
9783,North Macedonia,Aug2021,0.0
9784,North Macedonia,Sep2021,0.0
9785,North Macedonia,Oct2021,0.0
9786,North Macedonia,Nov2021,0.0
9787,North Macedonia,Dec2021,0.0
9788,North Macedonia,Jan2022,0.0
9789,North Macedonia,Feb2022,0.0
9790,North Macedonia,Mar2022,0.0
9791,North Macedonia,Apr2022,0.0
9792,North Macedonia,May2022,0.0
9793,North Macedonia,Jun2022,0.0
9794,North Macedonia,Jul2022,0.0
9795,North Macedonia,Aug2022,0.0
9796,North Macedonia,Sep2022,0.0
9797,Malaysia,Jul2021,210.811
9798,Malaysia,Aug2021,226.2243
9799,Malaysia,Sep2021,214.9115
9800,Malaysia,Oct2021,182.5971
9801,Malaysia,Nov2021,154.513
9802,Malaysia,Dec2021,152.5706
9803,Malaysia,Jan2022,167.6021
9804,Malaysia,Feb2022,165.3218
9805,Malaysia,Mar2022,305.7564
9806,Malaysia,Apr2022,221.8324
9807,Malaysia,May2022,207.1613
9808,Malaysia,Jun2022,221.8324
9809,Malaysia,Jul2022,195.3935
9810,Malaysia,Aug2022,0.0
9811,Malaysia,Sep2022,0.0
9812,Malta,Jul2021,0.0
9813,Malta,Aug2021,0.0
9814,Malta,Sep2021,0.0
9815,Malta,Oct2021,0.0
9816,Malta,Nov2021,0.0
9817,Malta,Dec2021,0.0
9818,Malta,Jan2022,0.0
9819,Malta,Feb2022,0.0
9820,Malta,Mar2022,0.0
9821,Malta,Apr2022,0.0
9822,Malta,May2022,0.0
9823,Malta,Jun2022,0.0
9824,Malta,Jul2022,0.0
9825,Malta,Aug2022,0.0
9826,Malta,Sep2022,0.0
9827,Mauritius,Jul2021,0.0
9828,Mauritius,Aug2021,0.0
9829,Mauritius,Sep2021,0.0
9830,Mauritius,Oct2021,0.0
9831,Mauritius,Nov2021,0.0
9832,Mauritius,Dec2021,0.0
9833,Mauritius,Jan2022,0.0
9834,Mauritius,Feb2022,0.0
9835,Mauritius,Mar2022,0.0
9836,Mauritius,Apr2022,0.0
9837,Mauritius,May2022,0.0
9838,Mauritius,Jun2022,0.0
9839,Mauritius,Jul2022,0.0
9840,Mauritius,Aug2022,0.0
9841,Mauritius,Sep2022,0.0
9842,Mexico,Jul2021,1250.2848
9843,Mexico,Aug2021,1174.6829
9844,Mexico,Sep2021,1052.9273
9845,Mexico,Oct2021,1000.6558
9846,Mexico,Nov2021,1098.6213
9847,Mexico,Dec2021,1107.4019
9848,Mexico,Jan2022,883.9245
9849,Mexico,Feb2022,989.1593
9850,Mexico,Mar2022,964.9945
9851,Mexico,Apr2022,1083.6357
9852,Mexico,May2022,1024.43
9853,Mexico,Jun2022,1093.708
9854,Mexico,Jul2022,1122.8552
9855,Mexico,Aug2022,969.7494
9856,Mexico,Sep2022,0.0
9857,Moldova,Jul2021,0.0
9858,Moldova,Aug2021,0.0
9859,Moldova,Sep2021,0.0
9860,Moldova,Oct2021,0.0
9861,Moldova,Nov2021,0.0
9862,Moldova,Dec2021,0.0
9863,Moldova,Jan2022,0.0
9864,Moldova,Feb2022,0.0
9865,Moldova,Mar2022,0.0
9866,Moldova,Apr2022,0.0
9867,Moldova,May2022,0.0
9868,Moldova,Jun2022,0.0
9869,Moldova,Jul2022,0.0
9870,Moldova,Aug2022,0.0
9871,Moldova,Sep2022,0.0
9872,Morocco,Jul2021,0.0
9873,Morocco,Aug2021,0.0
9874,Morocco,Sep2021,0.0
9875,Morocco,Oct2021,0.0
9876,Morocco,Nov2021,0.0
9877,Morocco,Dec2021,0.0
9878,Morocco,Jan2022,0.0
9879,Morocco,Feb2022,0.0
9880,Morocco,Mar2022,0.0
9881,Morocco,Apr2022,0.0
9882,Morocco,May2022,0.0
9883,Morocco,Jun2022,0.0
9884,Morocco,Jul2022,0.0
9885,Morocco,Aug2022,0.0
9886,Morocco,Sep2022,0.0
9887,Myanmar,Jul2021,0.0
9888,Myanmar,Aug2021,0.0
9889,Myanmar,Sep2021,0.0
9890,Myanmar,Oct2021,0.0
9891,Myanmar,Nov2021,0.0
9892,Myanmar,Dec2021,0.0
9893,Myanmar,Jan2022,0.0
9894,Myanmar,Feb2022,0.0
9895,Myanmar,Mar2022,0.0
9896,Myanmar,Apr2022,0.0
9897,Myanmar,May2022,0.0
9898,Myanmar,Jun2022,0.0
9899,Myanmar,Jul2022,0.0
9900,Myanmar,Aug2022,0.0
9901,Myanmar,Sep2022,0.0
9902,Nepal,Jul2021,0.0
9903,Nepal,Aug2021,0.0
9904,Nepal,Sep2021,0.0
9905,Nepal,Oct2021,0.0
9906,Nepal,Nov2021,0.0
9907,Nepal,Dec2021,0.0
9908,Nepal,Jan2022,0.0
9909,Nepal,Feb2022,0.0
9910,Nepal,Mar2022,0.0
9911,Nepal,Apr2022,0.0
9912,Nepal,May2022,0.0
9913,Nepal,Jun2022,0.0
9914,Nepal,Jul2022,0.0
9915,Nepal,Aug2022,0.0
9916,Nepal,Sep2022,0.0
9917,Netherlands,Jul2021,8.0832
9918,Netherlands,Aug2021,8.321
9919,Netherlands,Sep2021,0.2457
9920,Netherlands,Oct2021,0.2377
9921,Netherlands,Nov2021,0.0
9922,Netherlands,Dec2021,5.2303
9923,Netherlands,Jan2022,0.0
9924,Netherlands,Feb2022,0.0
9925,Netherlands,Mar2022,0.2377
9926,Netherlands,Apr2022,0.0
9927,Netherlands,May2022,2.1397
9928,Netherlands,Jun2022,1.9653
9929,Netherlands,Jul2022,0.0
9930,Netherlands,Aug2022,0.0
9931,Netherlands,Sep2022,0.0
9932,New Zealand,Jul2021,10.6984
9933,New Zealand,Aug2021,5.7058
9934,New Zealand,Sep2021,23.584
9935,New Zealand,Oct2021,3.8039
9936,New Zealand,Nov2021,7.6157
9937,New Zealand,Dec2021,6.6568
9938,New Zealand,Jan2022,20.2081
9939,New Zealand,Feb2022,5.7907
9940,New Zealand,Mar2022,8.0832
9941,New Zealand,Apr2022,14.4943
9942,New Zealand,May2022,20.4458
9943,New Zealand,Jun2022,8.844
9944,New Zealand,Jul2022,3.5661
9945,New Zealand,Aug2022,13.3135
9946,New Zealand,Sep2022,42.5003
9947,Nicaragua,Jul2021,0.0
9948,Nicaragua,Aug2021,0.0
9949,Nicaragua,Sep2021,0.0
9950,Nicaragua,Oct2021,0.0
9951,Nicaragua,Nov2021,0.0
9952,Nicaragua,Dec2021,0.0
9953,Nicaragua,Jan2022,0.0
9954,Nicaragua,Feb2022,0.0
9955,Nicaragua,Mar2022,0.0
9956,Nicaragua,Apr2022,0.0
9957,Nicaragua,May2022,0.0
9958,Nicaragua,Jun2022,0.0
9959,Nicaragua,Jul2022,0.0
9960,Nicaragua,Aug2022,0.0
9961,Nicaragua,Sep2022,0.0
9962,Niger,Jul2021,0.0
9963,Niger,Aug2021,0.0
9964,Niger,Sep2021,0.0
9965,Niger,Oct2021,0.0
9966,Niger,Nov2021,0.0
9967,Niger,Dec2021,0.0
9968,Niger,Jan2022,0.0
9969,Niger,Feb2022,0.0
9970,Niger,Mar2022,0.0
9971,Niger,Apr2022,0.0
9972,Niger,May2022,0.0
9973,Niger,Jun2022,0.0
9974,Niger,Jul2022,0.0
9975,Niger,Aug2022,0.0
9976,Niger,Sep2022,0.0
9977,Nigeria,Jul2021,1252.0
9978,Nigeria,Aug2021,890.0
9979,Nigeria,Sep2021,1359.0
9980,Nigeria,Oct2021,1118.0
9981,Nigeria,Nov2021,1245.0
9982,Nigeria,Dec2021,1062.0
9983,Nigeria,Jan2022,1218.0
9984,Nigeria,Feb2022,1158.0
9985,Nigeria,Mar2022,1134.0
9986,Nigeria,Apr2022,1100.0
9987,Nigeria,May2022,1145.0
9988,Nigeria,Jun2022,1009.0
9989,Nigeria,Jul2022,942.0
9990,Nigeria,Aug2022,902.0
9991,Nigeria,Sep2022,870.0
9992,Norway,Jul2021,1457.1203
9993,Norway,Aug2021,1713.4061
9994,Norway,Sep2021,1613.5387
9995,Norway,Oct2021,1558.8739
9996,Norway,Nov2021,1663.409
9997,Norway,Dec2021,1697.2397
9998,Norway,Jan2022,1514.6539
9999,Norway,Feb2022,1532.96
10000,Norway,Mar2022,1699.1416
10001,Norway,Apr2022,1513.061
10002,Norway,May2022,1636.3777
10003,Norway,Jun2022,1287.2933
10004,Norway,Jul2022,1515.6048
10005,Norway,Aug2022,1593.1087
10006,Norway,Sep2022,1536.645
10007,Oman,Jul2021,0.0
10008,Oman,Aug2021,0.0
10009,Oman,Sep2021,0.0
10010,Oman,Oct2021,0.0
10011,Oman,Nov2021,0.0
10012,Oman,Dec2021,0.0
10013,Oman,Jan2022,0.0
10014,Oman,Feb2022,0.0
10015,Oman,Mar2022,0.0
10016,Oman,Apr2022,0.0
10017,Oman,May2022,0.0
10018,Oman,Jun2022,0.0
10019,Oman,Jul2022,0.0
10020,Oman,Aug2022,0.0
10021,Oman,Sep2022,0.0
10022,Panama,Jul2021,0.0
10023,Panama,Aug2021,0.0
10024,Panama,Sep2021,0.0
10025,Panama,Oct2021,0.0
10026,Panama,Nov2021,0.0
10027,Panama,Dec2021,0.0
10028,Panama,Jan2022,0.0
10029,Panama,Feb2022,0.0
10030,Panama,Mar2022,0.0
10031,Panama,Apr2022,0.0
10032,Panama,May2022,0.0
10033,Panama,Jun2022,0.0
10034,Panama,Jul2022,0.0
10035,Panama,Aug2022,0.0
10036,Panama,Sep2022,0.0
10037,Papua New Guinea,Jul2021,0.0
10038,Papua New Guinea,Aug2021,0.0
10039,Papua New Guinea,Sep2021,0.0
10040,Papua New Guinea,Oct2021,0.0
10041,Papua New Guinea,Nov2021,0.0
10042,Papua New Guinea,Dec2021,0.0
10043,Papua New Guinea,Jan2022,0.0
10044,Papua New Guinea,Feb2022,0.0
10045,Papua New Guinea,Mar2022,0.0
10046,Papua New Guinea,Apr2022,0.0
10047,Papua New Guinea,May2022,0.0
10048,Papua New Guinea,Jun2022,0.0
10049,Papua New Guinea,Jul2022,0.0
10050,Papua New Guinea,Aug2022,0.0
10051,Papua New Guinea,Sep2022,0.0
10052,Paraguay,Jul2021,0.0
10053,Paraguay,Aug2021,0.0
10054,Paraguay,Sep2021,0.0
10055,Paraguay,Oct2021,0.0
10056,Paraguay,Nov2021,0.0
10057,Paraguay,Dec2021,0.0
10058,Paraguay,Jan2022,0.0
10059,Paraguay,Feb2022,0.0
10060,Paraguay,Mar2022,0.0
10061,Paraguay,Apr2022,0.0
10062,Paraguay,May2022,0.0
10063,Paraguay,Jun2022,0.0
10064,Paraguay,Jul2022,0.0
10065,Paraguay,Aug2022,0.0
10066,Paraguay,Sep2022,0.0
10067,Peru,Jul2021,1.0968
10068,Peru,Aug2021,8.6452
10069,Peru,Sep2021,36.4
10070,Peru,Oct2021,15.3548
10071,Peru,Nov2021,27.3667
10072,Peru,Dec2021,3.2258
10073,Peru,Jan2022,16.3226
10074,Peru,Feb2022,16.1429
10075,Peru,Mar2022,0.0
10076,Peru,Apr2022,14.2333
10077,Peru,May2022,12.3226
10078,Peru,Jun2022,58.9
10079,Peru,Jul2022,23.5484
10080,Peru,Aug2022,19.871
10081,Peru,Sep2022,24.9333
10082,Philippines,Jul2021,0.0
10083,Philippines,Aug2021,0.0
10084,Philippines,Sep2021,0.0
10085,Philippines,Oct2021,0.0
10086,Philippines,Nov2021,6.7333
10087,Philippines,Dec2021,0.0
10088,Philippines,Jan2022,0.0
10089,Philippines,Feb2022,5.1786
10090,Philippines,Mar2022,0.0
10091,Philippines,Apr2022,0.0
10092,Philippines,May2022,0.0
10093,Philippines,Jun2022,4.8667
10094,Philippines,Jul2022,0.0
10095,Philippines,Aug2022,0.0
10096,Philippines,Sep2022,0.0
10097,Poland,Jul2021,2.3774
10098,Poland,Aug2021,4.7548
10099,Poland,Sep2021,2.4567
10100,Poland,Oct2021,4.7548
10101,Poland,Nov2021,4.9133
10102,Poland,Dec2021,4.7548
10103,Poland,Jan2022,4.9926
10104,Poland,Feb2022,2.6321
10105,Poland,Mar2022,4.7548
10106,Poland,Apr2022,2.4567
10107,Poland,May2022,4.9926
10108,Poland,Jun2022,2.4567
10109,Poland,Jul2022,2.3774
10110,Poland,Aug2022,4.7548
10111,Poland,Sep2022,2.4567
10112,Portugal,Jul2021,0.0
10113,Portugal,Aug2021,0.0
10114,Portugal,Sep2021,0.0
10115,Portugal,Oct2021,0.0
10116,Portugal,Nov2021,0.0
10117,Portugal,Dec2021,0.0
10118,Portugal,Jan2022,0.0
10119,Portugal,Feb2022,0.0
10120,Portugal,Mar2022,0.0
10121,Portugal,Apr2022,0.0
10122,Portugal,May2022,0.0
10123,Portugal,Jun2022,0.0
10124,Portugal,Jul2022,0.0
10125,Portugal,Aug2022,0.0
10126,Portugal,Sep2022,0.0
10127,Qatar,Jul2021,0.0
10128,Qatar,Aug2021,0.0
10129,Qatar,Sep2021,0.0
10130,Qatar,Oct2021,0.0
10131,Qatar,Nov2021,0.0
10132,Qatar,Dec2021,0.0
10133,Qatar,Jan2022,0.0
10134,Qatar,Feb2022,0.0
10135,Qatar,Mar2022,0.0
10136,Qatar,Apr2022,0.0
10137,Qatar,May2022,0.0
10138,Qatar,Jun2022,0.0
10139,Qatar,Jul2022,0.0
10140,Qatar,Aug2022,0.0
10141,Qatar,Sep2022,0.0
10142,Romania,Jul2021,0.7263
10143,Romania,Aug2021,0.2421
10144,Romania,Sep2021,0.7505
10145,Romania,Oct2021,0.7263
10146,Romania,Nov2021,0.7505
10147,Romania,Dec2021,0.7263
10148,Romania,Jan2022,0.4842
10149,Romania,Feb2022,1.0721
10150,Romania,Mar2022,0.7263
10151,Romania,Apr2022,1.501
10152,Romania,May2022,0.7263
10153,Romania,Jun2022,0.7505
10154,Romania,Jul2022,0.7263
10155,Romania,Aug2022,0.7263
10156,Romania,Sep2022,0.0
10157,Russian Federation,Jul2021,4389.871
10158,Russian Federation,Aug2021,4603.4323
10159,Russian Federation,Sep2021,4756.88
10160,Russian Federation,Oct2021,4650.8903
10161,Russian Federation,Nov2021,4291.5833
10162,Russian Federation,Dec2021,4627.1613
10163,Russian Federation,Jan2022,0.0
10164,Russian Federation,Feb2022,0.0
10165,Russian Federation,Mar2022,0.0
10166,Russian Federation,Apr2022,0.0
10167,Russian Federation,May2022,0.0
10168,Russian Federation,Jun2022,0.0
10169,Russian Federation,Jul2022,0.0
10170,Russian Federation,Aug2022,0.0
10171,Russian Federation,Sep2022,0.0
10172,Saudi Arabia,Jul2021,6327.0
10173,Saudi Arabia,Aug2021,6450.0
10174,Saudi Arabia,Sep2021,6516.0
10175,Saudi Arabia,Oct2021,6833.0
10176,Saudi Arabia,Nov2021,6949.0
10177,Saudi Arabia,Dec2021,6937.0
10178,Saudi Arabia,Jan2022,6996.0
10179,Saudi Arabia,Feb2022,7307.0
10180,Saudi Arabia,Mar2022,7235.0
10181,Saudi Arabia,Apr2022,7382.0
10182,Saudi Arabia,May2022,7050.0
10183,Saudi Arabia,Jun2022,7196.0
10184,Saudi Arabia,Jul2022,7384.0
10185,Saudi Arabia,Aug2022,7601.0
10186,Saudi Arabia,Sep2022,7721.0
10187,Singapore,Jul2021,27.3923
10188,Singapore,Aug2021,31.2457
10189,Singapore,Sep2021,0.0
10190,Singapore,Oct2021,0.0
10191,Singapore,Nov2021,0.0
10192,Singapore,Dec2021,0.0
10193,Singapore,Jan2022,0.0
10194,Singapore,Feb2022,0.0
10195,Singapore,Mar2022,0.0
10196,Singapore,Apr2022,0.0
10197,Singapore,May2022,0.0
10198,Singapore,Jun2022,0.0
10199,Singapore,Jul2022,0.0
10200,Singapore,Aug2022,0.0
10201,Singapore,Sep2022,0.0
10202,Slovakia,Jul2021,0.0
10203,Slovakia,Aug2021,0.0
10204,Slovakia,Sep2021,0.0
10205,Slovakia,Oct2021,0.0
10206,Slovakia,Nov2021,0.0
10207,Slovakia,Dec2021,0.0
10208,Slovakia,Jan2022,0.0
10209,Slovakia,Feb2022,0.0
10210,Slovakia,Mar2022,0.0
10211,Slovakia,Apr2022,0.0
10212,Slovakia,May2022,0.0
10213,Slovakia,Jun2022,0.0
10214,Slovakia,Jul2022,0.0
10215,Slovakia,Aug2022,0.0
10216,Slovakia,Sep2022,0.0
10217,Slovenia,Jul2021,0.0
10218,Slovenia,Aug2021,0.0
10219,Slovenia,Sep2021,0.0
10220,Slovenia,Oct2021,0.0
10221,Slovenia,Nov2021,0.0
10222,Slovenia,Dec2021,0.0
10223,Slovenia,Jan2022,0.0
10224,Slovenia,Feb2022,0.0
10225,Slovenia,Mar2022,0.0
10226,Slovenia,Apr2022,0.0
10227,Slovenia,May2022,0.0
10228,Slovenia,Jun2022,0.0
10229,Slovenia,Jul2022,0.0
10230,Slovenia,Aug2022,0.0
10231,Slovenia,Sep2022,0.0
10232,South Africa,Jul2021,0.0
10233,South Africa,Aug2021,0.0
10234,South Africa,Sep2021,0.0
10235,South Africa,Oct2021,0.0
10236,South Africa,Nov2021,0.0
10237,South Africa,Dec2021,0.0
10238,South Africa,Jan2022,0.0
10239,South Africa,Feb2022,0.0
10240,South Africa,Mar2022,0.0
10241,South Africa,Apr2022,0.0
10242,South Africa,May2022,0.0
10243,South Africa,Jun2022,0.0
10244,South Africa,Jul2022,0.0
10245,South Africa,Aug2022,0.0
10246,South Africa,Sep2022,0.0
10247,Spain,Jul2021,0.0
10248,Spain,Aug2021,0.0
10249,Spain,Sep2021,0.0
10250,Spain,Oct2021,0.0
10251,Spain,Nov2021,0.0
10252,Spain,Dec2021,0.0
10253,Spain,Jan2022,0.0
10254,Spain,Feb2022,0.0
10255,Spain,Mar2022,0.0
10256,Spain,Apr2022,0.0
10257,Spain,May2022,0.0
10258,Spain,Jun2022,0.0
10259,Spain,Jul2022,0.0
10260,Spain,Aug2022,0.0
10261,Spain,Sep2022,0.0
10262,Sudan,Jul2021,0.0
10263,Sudan,Aug2021,0.0
10264,Sudan,Sep2021,0.0
10265,Sudan,Oct2021,0.0
10266,Sudan,Nov2021,0.0
10267,Sudan,Dec2021,0.0
10268,Sudan,Jan2022,0.0
10269,Sudan,Feb2022,0.0
10270,Sudan,Mar2022,0.0
10271,Sudan,Apr2022,0.0
10272,Sudan,May2022,0.0
10273,Sudan,Jun2022,0.0
10274,Sudan,Jul2022,0.0
10275,Sudan,Aug2022,0.0
10276,Sudan,Sep2022,0.0
10277,Suriname,Jul2021,0.0
10278,Suriname,Aug2021,0.0
10279,Suriname,Sep2021,0.0
10280,Suriname,Oct2021,0.0
10281,Suriname,Nov2021,0.0
10282,Suriname,Dec2021,0.0
10283,Suriname,Jan2022,0.0
10284,Suriname,Feb2022,0.0
10285,Suriname,Mar2022,0.0
10286,Suriname,Apr2022,0.0
10287,Suriname,May2022,0.0
10288,Suriname,Jun2022,0.0
10289,Suriname,Jul2022,0.0
10290,Suriname,Aug2022,0.0
10291,Suriname,Sep2022,0.0
10292,Sweden,Jul2021,0.0
10293,Sweden,Aug2021,0.0
10294,Sweden,Sep2021,0.0
10295,Sweden,Oct2021,0.0
10296,Sweden,Nov2021,0.0
10297,Sweden,Dec2021,0.0
10298,Sweden,Jan2022,0.0
10299,Sweden,Feb2022,0.0
10300,Sweden,Mar2022,0.0
10301,Sweden,Apr2022,0.0
10302,Sweden,May2022,0.0
10303,Sweden,Jun2022,0.0
10304,Sweden,Jul2022,0.0
10305,Sweden,Aug2022,0.0
10306,Sweden,Sep2022,0.0
10307,Switzerland,Jul2021,0.0
10308,Switzerland,Aug2021,0.0
10309,Switzerland,Sep2021,0.0
10310,Switzerland,Oct2021,0.0
10311,Switzerland,Nov2021,0.0
10312,Switzerland,Dec2021,0.0
10313,Switzerland,Jan2022,0.0
10314,Switzerland,Feb2022,0.0
10315,Switzerland,Mar2022,0.0
10316,Switzerland,Apr2022,0.0
10317,Switzerland,May2022,0.0
10318,Switzerland,Jun2022,0.0
10319,Switzerland,Jul2022,0.0
10320,Switzerland,Aug2022,0.0
10321,Switzerland,Sep2022,0.0
10322,Syria (Arab Rep.),Jul2021,0.0
10323,Syria (Arab Rep.),Aug2021,0.0
10324,Syria (Arab Rep.),Sep2021,0.0
10325,Syria (Arab Rep.),Oct2021,0.0
10326,Syria (Arab Rep.),Nov2021,0.0
10327,Syria (Arab Rep.),Dec2021,0.0
10328,Syria (Arab Rep.),Jan2022,0.0
10329,Syria (Arab Rep.),Feb2022,0.0
10330,Syria (Arab Rep.),Mar2022,0.0
10331,Syria (Arab Rep.),Apr2022,0.0
10332,Syria (Arab Rep.),May2022,0.0
10333,Syria (Arab Rep.),Jun2022,0.0
10334,Syria (Arab Rep.),Jul2022,0.0
10335,Syria (Arab Rep.),Aug2022,0.0
10336,Syria (Arab Rep.),Sep2022,0.0
10337,Tajikistan,Jul2021,0.0
10338,Tajikistan,Aug2021,0.0
10339,Tajikistan,Sep2021,0.0
10340,Tajikistan,Oct2021,0.0
10341,Tajikistan,Nov2021,0.0
10342,Tajikistan,Dec2021,0.0
10343,Tajikistan,Jan2022,0.0
10344,Tajikistan,Feb2022,0.0
10345,Tajikistan,Mar2022,0.0
10346,Tajikistan,Apr2022,0.0
10347,Tajikistan,May2022,0.0
10348,Tajikistan,Jun2022,0.0
10349,Tajikistan,Jul2022,0.0
10350,Tajikistan,Aug2022,0.0
10351,Tajikistan,Sep2022,0.0
10352,Thailand,Jul2021,9.7395
10353,Thailand,Aug2021,18.6669
10354,Thailand,Sep2021,0.0
10355,Thailand,Oct2021,0.0
10356,Thailand,Nov2021,0.0
10357,Thailand,Dec2021,19.2753
10358,Thailand,Jan2022,9.7395
10359,Thailand,Feb2022,21.3405
10360,Thailand,Mar2022,18.4634
10361,Thailand,Apr2022,0.0
10362,Thailand,May2022,19.2753
10363,Thailand,Jun2022,18.0313
10364,Thailand,Jul2022,0.0
10365,Thailand,Aug2022,18.8697
10366,Thailand,Sep2022,0.0
10367,Trinidad/Tobago,Jul2021,0.0
10368,Trinidad/Tobago,Aug2021,0.0
10369,Trinidad/Tobago,Sep2021,0.0
10370,Trinidad/Tobago,Oct2021,0.0
10371,Trinidad/Tobago,Nov2021,0.0
10372,Trinidad/Tobago,Dec2021,0.0
10373,Trinidad/Tobago,Jan2022,0.0
10374,Trinidad/Tobago,Feb2022,0.0
10375,Trinidad/Tobago,Mar2022,0.0
10376,Trinidad/Tobago,Apr2022,0.0
10377,Trinidad/Tobago,May2022,0.0
10378,Trinidad/Tobago,Jun2022,0.0
10379,Trinidad/Tobago,Jul2022,0.0
10380,Trinidad/Tobago,Aug2022,0.0
10381,Trinidad/Tobago,Sep2022,0.0
10382,Tunisia,Jul2021,33.9848
10383,Tunisia,Aug2021,25.7987
10384,Tunisia,Sep2021,15.38
10385,Tunisia,Oct2021,26.0468
10386,Tunisia,Nov2021,35.374
10387,Tunisia,Dec2021,21.3335
10388,Tunisia,Jan2022,53.0858
10389,Tunisia,Feb2022,28.2882
10390,Tunisia,Mar2022,5.4574
10391,Tunisia,Apr2022,66.3903
10392,Tunisia,May2022,16.1242
10393,Tunisia,Jun2022,5.383
10394,Tunisia,Jul2022,0.0
10395,Tunisia,Aug2022,0.0
10396,Tunisia,Sep2022,0.0
10397,Turkey,Jul2021,0.0
10398,Turkey,Aug2021,0.0
10399,Turkey,Sep2021,0.0
10400,Turkey,Oct2021,0.0
10401,Turkey,Nov2021,0.0
10402,Turkey,Dec2021,0.0
10403,Turkey,Jan2022,0.0
10404,Turkey,Feb2022,0.0
10405,Turkey,Mar2022,0.0
10406,Turkey,Apr2022,0.0
10407,Turkey,May2022,0.0
10408,Turkey,Jun2022,0.0
10409,Turkey,Jul2022,0.0
10410,Turkey,Aug2022,0.0
10411,Turkey,Sep2022,0.0
10412,Ukraine,Jul2021,0.0
10413,Ukraine,Aug2021,0.0
10414,Ukraine,Sep2021,0.0
10415,Ukraine,Oct2021,0.0
10416,Ukraine,Nov2021,0.0
10417,Ukraine,Dec2021,0.0
10418,Ukraine,Jan2022,0.0
10419,Ukraine,Feb2022,0.0
10420,Ukraine,Mar2022,0.0
10421,Ukraine,Apr2022,0.0
10422,Ukraine,May2022,0.0
10423,Ukraine,Jun2022,0.0
10424,Ukraine,Jul2022,0.0
10425,Ukraine,Aug2022,0.0
10426,Ukraine,Sep2022,0.0
10427,United Arab Emirates,Jul2021,0.0
10428,United Arab Emirates,Aug2021,0.0
10429,United Arab Emirates,Sep2021,0.0
10430,United Arab Emirates,Oct2021,0.0
10431,United Arab Emirates,Nov2021,0.0
10432,United Arab Emirates,Dec2021,0.0
10433,United Arab Emirates,Jan2022,0.0
10434,United Arab Emirates,Feb2022,0.0
10435,United Arab Emirates,Mar2022,0.0
10436,United Arab Emirates,Apr2022,0.0
10437,United Arab Emirates,May2022,0.0
10438,United Arab Emirates,Jun2022,0.0
10439,United Arab Emirates,Jul2022,0.0
10440,United Arab Emirates,Aug2022,0.0
10441,United Arab Emirates,Sep2022,0.0
10442,United Kingdom,Jul2021,552.9877
10443,United Kingdom,Aug2021,581.279
10444,United Kingdom,Sep2021,590.337
10445,United Kingdom,Oct2021,680.6552
10446,United Kingdom,Nov2021,645.8577
10447,United Kingdom,Dec2021,601.2494
10448,United Kingdom,Jan2022,640.0013
10449,United Kingdom,Feb2022,494.5796
10450,United Kingdom,Mar2022,747.2229
10451,United Kingdom,Apr2022,481.7523
10452,United Kingdom,May2022,607.4306
10453,United Kingdom,Jun2022,471.1887
10454,United Kingdom,Jul2022,518.5152
10455,United Kingdom,Aug2022,397.98
10456,United Kingdom,Sep2022,355.971
10457,United States of America,Jul2021,2699.7419
10458,United States of America,Aug2021,3075.7419
10459,United States of America,Sep2021,2666.5
10460,United States of America,Oct2021,2900.2258
10461,United States of America,Nov2021,3110.3667
10462,United States of America,Dec2021,3480.0323
10463,United States of America,Jan2022,3347.0645
10464,United States of America,Feb2022,3309.0357
10465,United States of America,Mar2022,3318.8065
10466,United States of America,Apr2022,3239.2667
10467,United States of America,May2022,3442.1935
10468,United States of America,Jun2022,3571.8
10469,United States of America,Jul2022,3795.6452
10470,United States of America,Aug2022,3652.7419
10471,United States of America,Sep2022,4002.3
10472,Uruguay,Jul2021,0.0
10473,Uruguay,Aug2021,0.0
10474,Uruguay,Sep2021,0.0
10475,Uruguay,Oct2021,0.0
10476,Uruguay,Nov2021,0.0
10477,Uruguay,Dec2021,0.0
10478,Uruguay,Jan2022,0.0
10479,Uruguay,Feb2022,0.0
10480,Uruguay,Mar2022,0.0
10481,Uruguay,Apr2022,0.0
10482,Uruguay,May2022,0.0
10483,Uruguay,Jun2022,0.0
10484,Uruguay,Jul2022,0.0
10485,Uruguay,Aug2022,0.0
10486,Uruguay,Sep2022,0.0
10487,Venezuela,Jul2021,0.0
10488,Venezuela,Aug2021,0.0
10489,Venezuela,Sep2021,0.0
10490,Venezuela,Oct2021,0.0
10491,Venezuela,Nov2021,0.0
10492,Venezuela,Dec2021,0.0
10493,Venezuela,Jan2022,386.0
10494,Venezuela,Feb2022,548.0
10495,Venezuela,Mar2022,494.0
10496,Venezuela,Apr2022,483.0
10497,Venezuela,May2022,271.0
10498,Venezuela,Jun2022,399.0
10499,Venezuela,Jul2022,442.0
10500,Venezuela,Aug2022,481.0
10501,Venezuela,Sep2022,474.0
10502,Vietnam,Jul2021,0.0
10503,Vietnam,Aug2021,0.0
10504,Vietnam,Sep2021,0.0
10505,Vietnam,Oct2021,0.0
10506,Vietnam,Nov2021,0.0
10507,Vietnam,Dec2021,0.0
10508,Vietnam,Jan2022,0.0
10509,Vietnam,Feb2022,0.0
10510,Vietnam,Mar2022,0.0
10511,Vietnam,Apr2022,0.0
10512,Vietnam,May2022,0.0
10513,Vietnam,Jun2022,0.0
10514,Vietnam,Jul2022,0.0
10515,Vietnam,Aug2022,0.0
10516,Vietnam,Sep2022,0.0
10517,Yemen,Jul2021,0.0
10518,Yemen,Aug2021,0.0
10519,Yemen,Sep2021,0.0
10520,Yemen,Oct2021,0.0
10521,Yemen,Nov2021,0.0
10522,Yemen,Dec2021,0.0
10523,Yemen,Jan2022,0.0
10524,Yemen,Feb2022,0.0
10525,Yemen,Mar2022,0.0
10526,Yemen,Apr2022,0.0
10527,Yemen,May2022,0.0
10528,Yemen,Jun2022,0.0
10529,Yemen,Jul2022,0.0
10530,Yemen,Aug2022,0.0
10531,Yemen,Sep2022,0.0
